Workbook

Sheet Cover
B2: SYSTEM TEST REPORT DOCUMENT
A4: Project Name | B4: Hostel Management System | E4: Creator | F4: Team SWP391
A5: Project Code | B5: SWP391-HMS | E5: Issue Date | F5: 2026-07-22
A6: Document Code | B6: =B5&"_"&"XXX"&"_"&"vx.x" | E6: Version
A9: Record of change
A10: Effective Date | B10: Version | C10: Change Item | D10: *A,D,M | E10: Change description | F10: Reference
A11: <Date when these changes are effective> | F11: <List of documents which are refered in this version.>

Sheet Test Cases
D1: TEST CASE LIST
B3: Project Name | D3: Hostel Management System
B4: Project Code | D4: SWP391-HMS
B5: Test Environment Setup Description | D5: <List enviroment requires in this system 1. Server 2. Database 3. Web Browser ... >
B8: No | C8: Function Name | D8: Sheet Name | E8: Description | F8: Pre-Condition
B9: 1 | C9: Function A | D9: Workflow Name1
B10: 2 | C10: Function B | D10: Workflow Name1
B11: 3 | C11: Function C | D11: Workflow Name1
B12: 4 | C12: Function D | D12: Workflow Name2
B13: 5 | C13: Function E | D13: Workflow Name2

Sheet Test Statistics
B1: TEST STATISTICS
B3: Project Name | C3: Hostel Management System | E3: Creator
B4: Project Code | C4: SWP391-HMS | E4: Reviewer/Approver
B5: Document Code | C5: SWP391-HMS_Test Report_v1.0 | E5: Issue Date | H5: 2026-07-22
B6: Notes | C6: <List modules included in this release> ex: Release 1 includes 2 modules: Module1 and Module2
B10: No | C10: Module code | D10: Passed | E10: Failed | F10: Pending | G10: N/A | H10: Number of test cases
B11: 1 | C11: ='Workflow Name1'!B2 | D11: ='Workflow Name1'!B6 | E11: ='Workflow Name1'!C6 | F11: ='Workflow Name1'!D6 | G11: ='Workflow Name1'!E6 | H11: ='Workflow Name1'!B4
B12: 2 | C12: ='Workflow Name2'!B2 | D12: ='Workflow Name2'!B6 | E12: ='Workflow Name2'!C6 | F12: ='Workflow Name2'!D6 | G12: ='Workflow Name2'!E6 | H12: ='Workflow Name2'!B4
C14: Sub total | D14: =SUM(D9:D13) | E14: =SUM(E9:E13) | F14: =SUM(F9:F13) | G14: =SUM(G9:G13) | H14: =SUM(H9:H13)
C16: Test coverage | E16: =(D14+E14)*100/(H14-G14) | F16: %
C17: Test successful coverage | E17: =D14*100/(H14-G14) | F17: %

Sheet US1 - Tao Hop Dong
A2: Workflow | B2: US1 – Tao va In Hop Dong Moi (Manager) | R2: Passed
A3: Test requirement | B3: FR-001: Test suite phai bao phu luong tao, in hop dong va tao tai khoan. Ket qua ky vong tuong ung voi ContractServiceImpl.createContract() va addTenantFromContract(). | R3: Failed
A4: Number of TCs | B4: =COUNTA(A12:A1000) | R4: Pending
A5: Testing Round | B5: Passed | C5: Failed | D5: Pending | E5: N/A | R5: N/A
A6: Round 1 | B6: =COUNTIF($F10:$F998,B5) | C6: =COUNTIF($F10:$F998,C5) | D6: =COUNTIF($F10:$F998,D5) | E6: =COUNTIF($F10:$F998,E5)
A7: Round 2 | B7: =COUNTIF($F10:$F998,B5) | C7: =COUNTIF($F10:$F998,C5) | D7: =COUNTIF($F10:$F998,D5) | E7: =COUNTIF($F10:$F998,E5)
A8: Round 3 | B8: =COUNTIF($F10:$F998,B5) | C8: =COUNTIF($F10:$F998,C5) | D8: =COUNTIF($F10:$F998,D5) | E8: =COUNTIF($F10:$F998,E5)
A10: Test Case ID | B10: Test Case Description | C10: Test Case Procedure | D10: Expected Results | E10: Pre-conditions | F10: Round 1 | G10: Test date | H10: Tester | I10: Round 2 | J10: Test date | K10: Tester | L10: Round 3 | M10: Test date | N10: Tester | O10: Note
A11: Nhom 1: Tao Hop Dong (createContract)
A12: TC_CC_01 | B12: Tao hop dong thanh cong voi day du thong tin hop le | C12: 1. Manager co quyen quan ly phong P101 2. Phong P101 dang trong (khong co HĐ ACTIVE) 3. Goi contractService.createContract(validContract, managerId=1) | D12: - status = 'ACTIVE' - code bat dau bang 'HD-P101-' - createdBy = 1 - contractId = 1 - contractDAO.create() duoc goi dung 1 lan - roomDAO.update() duoc goi dung 1 lan | E12: - roomDAO.findById(101) tra ve validRoom - roomDAO.findFacilityByRoomId(101) tra ve facility (managerId=1) - contractDAO.findActiveContractByRoomId(101) tra ve empty - contractDAO.create() tra ve 1 | F12: PASS | G12: 2026-07-22 | H12: Unit Test (JUnit 5 + Mockito) | I12: Pending | L12: Pending
A13: TC_CC_02 | B13: Tao hop dong nhung bo trong Ho ten khach thue | C13: 1. Dat tenantFullName = '' (rong) 2. Phong P101 ton tai, Manager co quyen 3. Goi contractService.createContract(validContract, 1) | D13: Nem Exception chua message 'Ten nguoi thue khong duoc de trong' | E13: - validContract.tenantFullName = '' - roomDAO va contractDAO mock binh thuong | F13: PASS | G13: 2026-07-22 | H13: Unit Test (JUnit 5 + Mockito) | I13: Pending | L13: Pending
A14: TC_CC_03 | B14: Tao hop dong nhung bo trong so CMND/CCCD | C14: 1. Dat tenantIdentityNumber = null 2. Goi contractService.createContract(validContract, 1) | D14: Nem Exception chua message 'CCCD khong duoc de trong' | E14: - validContract.tenantIdentityNumber = null - Room va Facility mock binh thuong | F14: PASS | G14: 2026-07-22 | H14: Unit Test (JUnit 5 + Mockito) | I14: Pending | L14: Pending
A15: TC_CC_04 | B15: Tao hop dong nhung chua chon phong thue (roomId = 0) | C15: 1. Dat roomId = 0 2. roomDAO.findById(0) tra ve empty 3. Goi createContract() | D15: Nem Exception chua message 'Phong khong ton tai' | E15: - validContract.roomId = 0 - roomDAO.findById(0) mock tra ve Optional.empty() | F15: PASS | G15: 2026-07-22 | H15: Unit Test (JUnit 5 + Mockito) | I15: Pending | L15: Pending
A16: TC_CC_05 | B16: Tao hop dong nhung bo trong Ngay lap hop dong | C16: 1. Dat signedDate = null 2. Goi contractService.createContract(validContract, 1) | D16: Nem Exception chua message 'Ngay thang ky/bat dau/ket thuc khong duoc de trong' | E16: - validContract.signedDate = null - Room va Facility mock binh thuong | F16: PASS | G16: 2026-07-22 | H16: Unit Test (JUnit 5 + Mockito) | I16: Pending | L16: Pending
A17: TC_CC_08 | B17: Chon phong khong ton tai trong he thong | C17: 1. roomDAO.findById(101) tra ve Optional.empty() 2. Goi createContract() | D17: Nem Exception chua message 'Phong khong ton tai' | E17: - roomDAO.findById(101) mock tra ve Optional.empty() | F17: PASS | G17: 2026-07-22 | H17: Unit Test (JUnit 5 + Mockito) | I17: Pending | L17: Pending
A18: TC_CC_09 | B18: Chon phong thuoc co so ma Manager khong co quyen quan ly | C18: 1. Dat facility.managerId = 2 (khac managerId=1) 2. Goi createContract(validContract, managerId=1) | D18: Nem Exception chua message 'Ban khong co quyen tao hop dong cho phong nay' | E18: - roomDAO.findById(101) tra ve validRoom - roomDAO.findFacilityByRoomId(101) tra ve facility(managerId=2) | F18: PASS | G18: 2026-07-22 | H18: Unit Test (JUnit 5 + Mockito) | I18: Pending | L18: Pending
A19: TC_CC_10 | B19: Chon phong dang co mot hop dong khac o trang thai ACTIVE | C19: 1. contractDAO.findActiveContractByRoomId(101) tra ve Optional.of(contract) 2. Goi createContract() | D19: Nem Exception chua message 'Phong nay dang co hop dong ACTIVE' | E19: - Room va Facility mock binh thuong - contractDAO.findActiveContractByRoomId tra ve hop dong ACTIVE khac | F19: PASS | G19: 2026-07-22 | H19: Unit Test (JUnit 5 + Mockito) | I19: Pending | L19: Pending
A20: TC-NEW-01 | B20: Du lieu hop dong du cac field de in ban cung | C20: 1. Gan day du cac field: amountInWords, tenantDob, address, phone 2. Mock contractDAO.findByIdAndManagerId(1,1) tra ve validContract 3. Mock roomDAO.findById(101) tra ve validRoom 4. Goi getContractDetail(1, 1) | D20: - result != null - getTenantFullName() khong blank - getTenantIdentityNumber() khong blank - getTenantPermanentAddress() khong blank - getSignedDate() != null, getStartDate() != null, getEndDate() != null - getAmountInWords() khong blank - getRoom().getCode() = 'P101' - getSignedDay/Month/Year() khong blank - getFormattedStartDate/EndDate() khong blank | E20: - contractDAO.findByIdAndManagerId(1,1) mock tra ve validContract - roomDAO.findById(101) tra ve validRoom - validContract co day du cac field in | F20: PASS | G20: 2026-07-22 | H20: Unit Test (JUnit 5 + Mockito) | I20: Pending | L20: Pending
A21: TC-NEW-05 | B21: [TDD Signal] Ngay ket thuc truoc ngay bat dau - Edge Case | C21: 1. Dat endDate = '2023-01-01' (truoc startDate '2024-03-01') 2. Goi createContract() | D21: Nem Exception (Service hien chua validate endDate > startDate - day la TDD signal de them validation) | E21: - validContract.endDate = '2023-01-01' - validContract.startDate = '2024-03-01' - Room, Facility mock binh thuong, khong co HĐ ACTIVE | F21: EXPECTED FAIL | G21: 2026-07-22 | H21: Unit Test (JUnit 5 + Mockito) | I21: Pending | L21: Pending
A22: Nhom 2: Them Tenant Vao Hop Dong (addTenantFromContract)
A23: TC-NEW-02 | B23: Them Tenant nhung email sai dinh dang | C23: 1. Goi addTenantFromContract(contractId=1, ..., email='not-an-email', ...) | D23: Nem IllegalArgumentException chua message 'Email khong dung dinh dang' | E23: - email = 'not-an-email' (khong co @) | F23: PASS | G23: 2026-07-22 | H23: Unit Test (JUnit 5 + Mockito) | I23: Pending | L23: Pending
A24: TC-NEW-03 | B24: Them Tenant nhung Ho ten de trong | C24: 1. Goi addTenantFromContract(contractId=1, ..., fullName='', ...) | D24: Nem IllegalArgumentException chua message 'Ho ten khong duoc de trong' | E24: - fullName = '' (rong) | F24: PASS | G24: 2026-07-22 | H24: Unit Test (JUnit 5 + Mockito) | I24: Pending | L24: Pending
A25: TC-NEW-04 | B25: Them Tenant nhung so dien thoai khong hop le | C25: 1. Goi addTenantFromContract(contractId=1, ..., phone='12345', ...) | D25: Nem IllegalArgumentException chua message 'So dien thoai khong hop le' | E25: - phone = '12345' (khong phai 10 so VN) | F25: PASS | G25: 2026-07-22 | H25: Unit Test (JUnit 5 + Mockito) | I25: Pending | L25: Pending
A26: TC-NEW-06 | B26: getContractForAddTenant khi hop dong da co tenant_id | C26: 1. Mock contractDAO.getContractForAddTenant(1,1) tra ve {tenantId: 5} 2. Goi contractService.getContractForAddTenant(1, 1) | D26: Nem IllegalStateException chua message 'Hop dong nay da co tai khoan nguoi thue lien ket' | E26: - contractDAO.getContractForAddTenant mock tra ve Map{tenantId=5} | F26: PASS | G26: 2026-07-22 | H26: Unit Test (JUnit 5 + Mockito) | I26: Pending | L26: Pending
A27: TC-NEW-07 | B27: getContractForAddTenant khi hop dong chua co tenant | C27: 1. Mock contractDAO.getContractForAddTenant(1,1) tra ve {tenantId: null} 2. Goi contractService.getContractForAddTenant(1, 1) | D27: - Tra ve Map khong null - Map.get('contractId') = 1 | E27: - contractDAO.getContractForAddTenant mock tra ve Map{tenantId=null} | F27: PASS | G27: 2026-07-22 | H27: Unit Test (JUnit 5 + Mockito) | I27: Pending | L27: Pending

Sheet US2 - Xem Hop Dong
A2: Workflow | B2: US2 – Xem Chi Tiet Hop Dong (Tenant & Manager) | R2: Passed
A3: Test requirement | B3: FR-002: Test suite phai xac minh co che phan quyen: Tenant chi xem hop dong cua minh, Manager chi xem hop dong thuoc co so quan ly. | R3: Failed
A4: Number of TCs | B4: =COUNTA(A12:A1000) | R4: Pending
A5: Testing Round | B5: Passed | C5: Failed | D5: Pending | E5: N/A | R5: N/A
A6: Round 1 | B6: =COUNTIF($F10:$F998,B5) | C6: =COUNTIF($F10:$F998,C5) | D6: =COUNTIF($F10:$F998,D5) | E6: =COUNTIF($F10:$F998,E5)
A7: Round 2 | B7: =COUNTIF($F10:$F998,B5) | C7: =COUNTIF($F10:$F998,C5) | D7: =COUNTIF($F10:$F998,D5) | E7: =COUNTIF($F10:$F998,E5)
A8: Round 3 | B8: =COUNTIF($F10:$F998,B5) | C8: =COUNTIF($F10:$F998,C5) | D8: =COUNTIF($F10:$F998,D5) | E8: =COUNTIF($F10:$F998,E5)
A10: Test Case ID | B10: Test Case Description | C10: Test Case Procedure | D10: Expected Results | E10: Pre-conditions | F10: Round 1 | G10: Test date | H10: Tester | I10: Round 2 | J10: Test date | K10: Tester | L10: Round 3 | M10: Test date | N10: Tester | O10: Note
A11: Nhom 1: Tenant Xem Hop Dong
A12: T008 | B12: Tenant xem hop dong cua chinh minh - Success | C12: 1. Mock contractDAO.findByIdAndTenantId(1, 5) tra ve validContract 2. Mock roomDAO.findById(101) tra ve validRoom 3. Goi getContractDetailForTenant(contractId=1, tenantId=5) | D12: - result != null - result.getRoom() != null - result.getRoom().getCode() = 'P101' | E12: - Tenant co tenantId=5 la chu so huu hop dong id=1 | F12: PASS | G12: 2026-07-22 | H12: Unit Test (JUnit 5 + Mockito) | I12: Pending | L12: Pending
A13: T009 | B13: Tenant co xem hop dong cua nguoi khac - Access Denied | C13: 1. Mock contractDAO.findByIdAndTenantId(1, 99) tra ve Optional.empty() 2. Goi getContractDetailForTenant(contractId=1, tenantId=99) | D13: Tra ve null (Tenant khong phai chu so huu, bi tu choi truy cap) | E13: - tenantId=99 khong phai chu hop dong id=1 | F13: PASS | G13: 2026-07-22 | H13: Unit Test (JUnit 5 + Mockito) | I13: Pending | L13: Pending
A14: Nhom 2: Manager Xem Hop Dong
A15: T010 | B15: Manager xem hop dong trong co so minh quan ly - Success | C15: 1. Mock contractDAO.findByIdAndManagerId(1, 1) tra ve validContract 2. Mock roomDAO.findById(101) tra ve validRoom 3. Goi getContractDetail(contractId=1, managerId=1) | D15: - result != null - result.getRoom() != null | E15: - managerId=1 co quyen xem hop dong thuoc co so minh | F15: PASS | G15: 2026-07-22 | H15: Unit Test (JUnit 5 + Mockito) | I15: Pending | L15: Pending
A16: T011 | B16: Manager xem hop dong ngoai co so minh quan ly - Access Denied | C16: 1. Mock contractDAO.findByIdAndManagerId(1, 2) tra ve Optional.empty() 2. Goi getContractDetail(contractId=1, managerId=2) | D16: Tra ve null (Manager khong co quyen xem hop dong co so khac) | E16: - managerId=2 khong co quyen xem hop dong id=1 | F16: PASS | G16: 2026-07-22 | H16: Unit Test (JUnit 5 + Mockito) | I16: Pending | L16: Pending

Sheet US4 - Xoa Hop Dong
A2: Workflow | B2: US4 – Quan Ly Trang Thai va Xoa Hop Dong (Manager) | R2: Passed
A3: Test requirement | B3: FR-004: Test suite phai kiem tra luong xoa hop dong (chi cho phep khi INACTIVE). FR-005: Xac minh AuditLog (ghi o tang Servlet, khong test o Service). | R3: Failed
A4: Number of TCs | B4: =COUNTA(A12:A1000) | R4: Pending
A5: Testing Round | B5: Passed | C5: Failed | D5: Pending | E5: N/A | R5: N/A
A6: Round 1 | B6: =COUNTIF($F10:$F998,B5) | C6: =COUNTIF($F10:$F998,C5) | D6: =COUNTIF($F10:$F998,D5) | E6: =COUNTIF($F10:$F998,E5)
A7: Round 2 | B7: =COUNTIF($F10:$F998,B5) | C7: =COUNTIF($F10:$F998,C5) | D7: =COUNTIF($F10:$F998,D5) | E7: =COUNTIF($F10:$F998,E5)
A8: Round 3 | B8: =COUNTIF($F10:$F998,B5) | C8: =COUNTIF($F10:$F998,C5) | D8: =COUNTIF($F10:$F998,D5) | E8: =COUNTIF($F10:$F998,E5)
A10: Test Case ID | B10: Test Case Description | C10: Test Case Procedure | D10: Expected Results | E10: Pre-conditions | F10: Round 1 | G10: Test date | H10: Tester | I10: Round 2 | J10: Test date | K10: Tester | L10: Round 3 | M10: Test date | N10: Tester | O10: Note
A11: Nhom 1: Xoa Hop Dong (softDeleteContract)
A12: T015 | B12: Xoa hop dong khi trang thai INACTIVE - Success | C12: 1. Mock contractDAO.verifyContractForDelete(1,1) tra ve {status:'success'} 2. Mock contractDAO.softDeleteContract(1) tra ve true 3. Goi verifyContractForDelete(1, 1) 4. Goi softDeleteContract(1) | D12: - verifyContractForDelete tra ve Map co status='success' - softDeleteContract tra ve true | E12: - Hop dong id=1 co trang thai INACTIVE - Manager co quyen xoa | F12: PASS | G12: 2026-07-22 | H12: Unit Test (JUnit 5 + Mockito) | I12: Pending | L12: Pending
A13: T016 | B13: Xoa hop dong khi trang thai ACTIVE - Fail | C13: 1. Mock contractDAO.verifyContractForDelete(1,1) tra ve {status:'error', message:'...'} 2. Goi verifyContractForDelete(1, 1) | D13: verifyContractForDelete tra ve Map co status='error' | E13: - Hop dong id=1 dang o trang thai ACTIVE | F13: PASS | G13: 2026-07-22 | H13: Unit Test (JUnit 5 + Mockito) | I13: Pending | L13: Pending
