Workbook
Name ACTION: #REF!
Name ACTION: #REF!

Sheet Cover
B2: SYSTEM TEST REPORT DOCUMENT
A4: Project Name | B4: <Project Name> | E4: Creator
A5: Project Code | B5: <Project Code> | E5: Issue Date | F5: <Date when this test report is created>
A6: Document Code | B6: =B5&"_"&"XXX"&"_"&"vx.x" | E6: Version
A9: Record of change
A10: Effective Date | B10: Version | C10: Change Item | D10: *A,D,M | E10: Change description | F10: Reference
A11: <Date when these changes are effective> | F11: <List of documents which are refered in this version.>

Sheet Test Cases
D1: TEST CASE LIST
B3: Project Name | D3: =#REF!
B4: Project Code | D4: =#REF!
B5: Test Environment Setup Description | D5: <List enviroment requires in this system 1. Server 2. Database 3. Web Browser ... >
B8: No | C8: Function Name | D8: Sheet Name | E8: Description | F8: Pre-Condition
B9: 1 | C9: Function A | D9: Workflow Name1
B10: 2 | C10: Function B | D10: Workflow Name1
B11: 3 | C11: Function C | D11: Workflow Name1
B12: 4 | C12: Function D | D12: Workflow Name2
B13: 5 | C13: Function E | D13: Workflow Name2

Sheet Test Statistics
B1: TEST STATISTICS
B3: Project Name | C3: <Project Name> | E3: Creator
B4: Project Code | C4: <Project Code> | E4: Reviewer/Approver
B5: Document Code | C5: =C4&"_"&"Test Report"&"_"&"vx.x" | E5: Issue Date | H5: <Date when this test report is created>
B6: Notes | C6: <List modules included in this release> ex: Release 1 includes 2 modules: Module1 and Module2
B10: No | C10: Module code | D10: Passed | E10: Failed | F10: Pending | G10: N/A | H10: Number of test cases
B11: 1 | C11: ='Workflow Name1'!B2 | D11: ='Workflow Name1'!B6 | E11: ='Workflow Name1'!C6 | F11: ='Workflow Name1'!D6 | G11: ='Workflow Name1'!E6 | H11: ='Workflow Name1'!B4
B12: 2 | C12: ='Workflow Name2'!B2 | D12: ='Workflow Name2'!B6 | E12: ='Workflow Name2'!C6 | F12: ='Workflow Name2'!D6 | G12: ='Workflow Name2'!E6 | H12: ='Workflow Name2'!B4
C14: Sub total | D14: =SUM(D9:D13) | E14: =SUM(E9:E13) | F14: =SUM(F9:F13) | G14: =SUM(G9:G13) | H14: =SUM(H9:H13)
C16: Test coverage | E16: =(D14+E14)*100/(H14-G14) | F16: %
C17: Test successful coverage | E17: =D14*100/(H14-G14) | F17: %

Sheet Workflow Name1
A2: Workflow | B2: <Workflow Name1> | R2: Passed
A3: Test requirement | B3: <Brief description about requirements which are tested in this sheet> | R3: Failed
A4: Number of TCs | B4: =COUNTA(A12:A1000) | R4: Pending
A5: Testing Round | B5: Passed | C5: Failed | D5: Pending | E5: N/A | R5: N/A
A6: Round 1 | B6: =COUNTIF($F10:$F998,B5) | C6: =COUNTIF($F10:$F998,C5) | D6: =COUNTIF($F10:$F998,D5) | E6: =COUNTIF($F10:$F998,E5)
A7: Round 2 | B7: =COUNTIF($F10:$F998,B5) | C7: =COUNTIF($F10:$F998,C5) | D7: =COUNTIF($F10:$F998,D5) | E7: =COUNTIF($F10:$F998,E5)
A8: Round 3 | B8: =COUNTIF($F10:$F998,B5) | C8: =COUNTIF($F10:$F998,C5) | D8: =COUNTIF($F10:$F998,D5) | E8: =COUNTIF($F10:$F998,E5)
A10: Test Case ID | B10: Test Case Description | C10: Test Case Procedure | D10: Expected Results | E10: Pre-conditions | F10: Round 1 | G10: Test date | H10: Tester | I10: Round 2 | J10: Test date | K10: Tester | L10: Round 3 | M10: Test date | N10: Tester | O10: Note
A11: Scenario A
A12: <ID1> | B12: <Brief description of this case: what is tested?> Ex: Test viewing "Company" form. | C12: <Describe steps to perform this case> Ex: 1. Login the system with Manager role. 2. Click "Company" tab in the left menu. | D12: <Describe results which meet customer's requirement> Ex: The "Company" view form is displayed with the folowing informations: - Company name - Company address - Phone - Fax | E12: <List all test cases or conditions that must be done before performing this case> | F12: Pending | I12: Pending | L12: Pending
A13: <ID2> | B13: <Test case 2> | F13: Pending | I13: Pending | L13: Pending
A14: <ID3> | B14: <Test case 3> | F14: Pending | I14: Pending | L14: Pending
A15: Scenario B
A16: <ID4> | B16: <Test case 4> | F16: Pending | I16: Pending | L16: Pending
A17: <ID5> | B17: <Test case 5> | F17: Pending | I17: Pending | L17: Pending
A18: Scenario C
A19: <ID6> | B19: <Test case 6> | F19: Pending | I19: Pending | L19: Pending

Sheet Workflow Name2
A2: Workflow | B2: <Workflow Name2> | R2: Passed
A3: Test requirement | B3: <Brief description about requirements which are tested in this sheet> | R3: Failed
A4: Number of TCs | B4: =COUNTA(A12:A998) | R4: Pending
A5: Testing Round | B5: Passed | C5: Failed | D5: Pending | E5: N/A | R5: N/A
A6: Round 1 | B6: =COUNTIF($F10:$F996,B5) | C6: =COUNTIF($F10:$F996,C5) | D6: =COUNTIF($F10:$F996,D5) | E6: =COUNTIF($F10:$F996,E5)
A7: Round 2 | B7: =COUNTIF($F10:$F996,B5) | C7: =COUNTIF($F10:$F996,C5) | D7: =COUNTIF($F10:$F996,D5) | E7: =COUNTIF($F10:$F996,E5)
A8: Round 3 | B8: =COUNTIF($F10:$F996,B5) | C8: =COUNTIF($F10:$F996,C5) | D8: =COUNTIF($F10:$F996,D5) | E8: =COUNTIF($F10:$F996,E5)
A10: Test Case ID | B10: Test Case Description | C10: Test Case Procedure | D10: Expected Results | E10: Pre-conditions | F10: Round 1 | G10: Test date | H10: Tester | I10: Round 2 | J10: Test date | K10: Tester | L10: Round 3 | M10: Test date | N10: Tester | O10: Note
A11: Scenario D
A12: <ID1> | B12: <Brief description of this case: what is tested?> Ex: Test viewing "Company" form. | C12: <Describe steps to perform this case> Ex: 1. Login the system with Manager role. 2. Click "Company" tab in the left menu. | D12: <Describe results which meet customer's requirement> Ex: The "Company" view form is displayed with the folowing informations: - Company name - Company address - Phone - Fax | E12: <List all test cases or conditions that must be done before performing this case> | F12: Pending | I12: Pending | L12: Pending
A13: <ID2> | B13: <Test case 2> | F13: Pending | I13: Pending | L13: Pending
A14: <ID3> | B14: <Test case 3> | F14: Pending | I14: Pending | L14: Pending
A15: Scenario E
A16: <ID4> | B16: <Test case 4> | F16: Pending | I16: Pending | L16: Pending
A17: <ID5> | B17: <Test case 5> | F17: Pending | I17: Pending | L17: Pending

Sheet Test Cases_TaoHopDong
A1: Test Case ID | B1: Feature | C1: Scenario | D1: Expected Result
A2: TC_CC_01 | B2: Tạo hợp đồng | C2: Tạo hợp đồng thành công với đầy đủ thông tin hợp lệ | D2: Hệ thống lưu hợp đồng trạng thái ACTIVE, mã tự sinh đúng định dạng, lưu thông tin người tạo.
A3: TC_CC_02 | B3: Tạo hợp đồng | C3: Tạo hợp đồng nhưng bỏ trống Họ tên khách thuê | D3: Hệ thống từ chối tạo và hiển thị lỗi TENANT_NAME_REQUIRED.
A4: TC_CC_03 | B4: Tạo hợp đồng | C4: Tạo hợp đồng nhưng bỏ trống số CMND/CCCD | D4: Hệ thống từ chối tạo và hiển thị lỗi TENANT_IDENTITY_REQUIRED.
A5: TC_CC_04 | B5: Tạo hợp đồng | C5: Tạo hợp đồng nhưng chưa chọn phòng thuê | D5: Hệ thống từ chối tạo và hiển thị lỗi ROOM_REQUIRED.
A6: TC_CC_05 | B6: Tạo hợp đồng | C6: Tạo hợp đồng nhưng bỏ trống Ngày lập hợp đồng | D6: Hệ thống từ chối tạo và hiển thị lỗi SIGNED_DATE_REQUIRED.
A7: TC_CC_06 | B7: Tạo hợp đồng | C7: Tạo hợp đồng nhưng bỏ trống Ngày hết hạn hợp đồng | D7: Hệ thống từ chối tạo và hiển thị lỗi END_DATE_REQUIRED.
A8: TC_CC_07 | B8: Tạo hợp đồng | C8: Ngày hết hạn hợp đồng nhỏ hơn Ngày lập hợp đồng | D8: Hệ thống từ chối tạo và hiển thị lỗi INVALID_CONTRACT_DATE.
A9: TC_CC_08 | B9: Tạo hợp đồng | C9: Chọn phòng không tồn tại trong hệ thống | D9: Hệ thống hiển thị lỗi ROOM_NOT_FOUND (HTTP 404).
A10: TC_CC_09 | B10: Tạo hợp đồng | C10: Chọn phòng thuộc cơ sở mà Ban quản lý không có quyền quản lý | D10: Hệ thống từ chối và hiển thị lỗi ROOM_ACCESS_DENIED (HTTP 403).
A11: TC_CC_10 | B11: Tạo hợp đồng | C11: Chọn phòng đang có một hợp đồng khác ở trạng thái ACTIVE | D11: Hệ thống từ chối và hiển thị lỗi ROOM_ALREADY_HAS_ACTIVE_CONTRACT (HTTP 400).
A12: TC_CC_11 | B12: Tạo hợp đồng | C12: Không nhập Ngày bắt đầu hợp đồng | D12: Hệ thống tự động lấy Ngày bắt đầu bằng Ngày lập hợp đồng (signed_date).
... A14: TC_CC_13 | B14: Tạo hợp đồng | C14: Kiểm tra định dạng mã hợp đồng tự sinh | D14: Mã hợp đồng phải đúng định dạng HD-{roomCode}-{signedDate:yyyyMMdd}-{sequence}.
