Workbook
Name ACTION: #REF!
Name ACTION: #REF!

Sheet Cover
B2: SYSTEM TEST REPORT DOCUMENT
A4: Project Name | B4: <Project Name> | E4: Creator
A5: Project Code | B5: <Project Code> | E5: Issue Date | F5: <Date when this test report is created>
A6: Document Code | B6: =B5&"_"&"XXX"&"_"&"vx.x" -> <Project Code>_XXX_vx.x | E6: Version
A9: Record of change
A10: Effective Date | B10: Version | C10: Change Item | D10: *A,D,M | E10: Change description | F10: Reference
A11: <Date when these changes are effective> | F11: <List of documents which are refered in this version.>

Sheet Test Cases
D1: TEST CASE LIST
B3: Project Name | D3: =#REF! -> #REF!
B4: Project Code | D4: =#REF! -> #REF!
B5: Test Environment Setup Description | D5: <List enviroment requires in this system 1. Server 2. Database 3. Web Browser ... >
B8: No | C8: Function Name | D8: Sheet Name | E8: Description | F8: Pre-Condition
B9: 1 | C9: Function A | D9: Workflow Name1
B10: 2 | C10: Function B | D10: Workflow Name1
B11: 3 | C11: Function C | D11: Workflow Name1
B12: 4 | C12: Function D | D12: Workflow Name2
B13: 5 | C13: Function E | D13: Workflow Name2

Sheet Test Statistics
B1: TEST STATISTICS
B3: Project Name | C3: <Project Name> | E3: Creator
B4: Project Code | C4: <Project Code> | E4: Reviewer/Approver
B5: Document Code | C5: =C4&"_"&"Test Report"&"_"&"vx.x" -> <Project Code>_Test Report_vx.x | E5: Issue Date | H5: <Date when this test report is created>
B6: Notes | C6: <List modules included in this release> ex: Release 1 includes 2 modules: Module1 and Module2
B10: No | C10: Module code | D10: Passed | E10: Failed | F10: Pending | G10: N/A | H10: Number of test cases
B11: 1 | C11: ='Đăng nhập & Quên mật khẩu'!B2 -> <Workflow Name1> | D11: ='Đăng nhập & Quên mật khẩu'!B6 -> 0 | E11: ='Đăng nhập & Quên mật khẩu'!C6 -> 0 | F11: ='Đăng nhập & Quên mật khẩu'!D6 -> 6 | G11: ='Đăng nhập & Quên mật khẩu'!E6 -> 0 | H11: ='Đăng nhập & Quên mật khẩu'!B4 -> 8
B12: 2 | C12: =ok!B2 -> <Workflow Name2> | D12: =ok!B6 -> 0 | E12: =ok!C6 -> 0 | F12: =ok!D6 -> 5 | G12: =ok!E6 -> 0 | H12: =ok!B4 -> 12
C14: Sub total | D14: =SUM(D9:D13) -> 0 | E14: =SUM(E9:E13) -> 0 | F14: =SUM(F9:F13) -> 11 | G14: =SUM(G9:G13) -> 0 | H14: =SUM(H9:H13) -> 20
C16: Test coverage | E16: =(D14+E14)*100/(H14-G14) -> 0 | F16: %
C17: Test successful coverage | E17: =D14*100/(H14-G14) -> 0 | F17: %

Sheet Đăng nhập & Quên mật khẩu
A2: Workflow | B2: <Workflow Name1> | R2: Passed
A3: Test requirement | B3: <Brief description about requirements which are tested in this sheet> | R3: Failed
A4: Number of TCs | B4: =COUNTA(A12:A1000) -> 8 | R4: Pending
A5: Testing Round | B5: Passed | C5: Failed | D5: Pending | E5: N/A | R5: N/A
A6: Round 1 | B6: =COUNTIF($F10:$F998,B5) -> 0 | C6: =COUNTIF($F10:$F998,C5) -> 0 | D6: =COUNTIF($F10:$F998,D5) -> 6 | E6: =COUNTIF($F10:$F998,E5) -> 0
A7: Round 2 | B7: =COUNTIF($F10:$F998,B5) -> 0 | C7: =COUNTIF($F10:$F998,C5) -> 0 | D7: =COUNTIF($F10:$F998,D5) -> 6 | E7: =COUNTIF($F10:$F998,E5) -> 0
A8: Round 3 | B8: =COUNTIF($F10:$F998,B5) -> 0 | C8: =COUNTIF($F10:$F998,C5) -> 0 | D8: =COUNTIF($F10:$F998,D5) -> 6 | E8: =COUNTIF($F10:$F998,E5) -> 0
A10: Test Case ID | B10: Test Case Description | C10: Test Case Procedure | D10: Expected Results | E10: Pre-conditions | F10: Round 1 | G10: Test date | H10: Tester | I10: Round 2 | J10: Test date | K10: Tester | L10: Round 3 | M10: Test date | N10: Tester | O10: Note
A11: Scenario A | B11: Đăng Nhập
A12: TC01 | B12: Cho phép xem các trang công khai khi chưa đăng nhập | C12: Người dùng (chưa đăng nhập) truy cập vào các trang dành cho khách (ví dụ: màn hình Đăng nhập, Quên mật khẩu). | D12: Người dùng vào xem bình thường, không bị hệ thống chặn lại. | E12: Phải đăng vào | F12: Pending | I12: Pending | L12: Pending
A13: TC02 | B13: Chặn người lạ xem dữ liệu nội bộ | C13: Người dùng (chưa đăng nhập hoặc đã đăng xuất) cố tình gõ đường dẫn để vào xem các trang quản lý hoặc trang của cư dân. | D13: Hệ thống từ chối truy cập và tự động đẩy người dùng về lại màn hình Đăng nhập. | F13: Pending | I13: Pending | L13: Pending
A14: TC03 | B14: <Test case 3> | F14: Pending | I14: Pending | L14: Pending
A15: Scenario B
A16: <ID4> | B16: <Test case 4> | F16: Pending | I16: Pending | L16: Pending
A17: <ID5> | B17: <Test case 5> | F17: Pending | I17: Pending | L17: Pending
A18: Scenario C
A19: <ID6> | B19: <Test case 6> | F19: Pending | I19: Pending | L19: Pending

Sheet Meter Readings & Billing
A2: Workflow | B2: <Workflow Name1> | R2: Passed
A3: Test requirement | B3: <Brief description about requirements which are tested in this sheet> | R3: Failed
A4: Number of TCs | B4: =COUNTA(A12:A1000) -> 8 | R4: Pending
A5: Testing Round | B5: Passed | C5: Failed | D5: Pending | E5: N/A | R5: N/A
A6: Round 1 | B6: =COUNTIF($F10:$F998,B5) -> 0 | C6: =COUNTIF($F10:$F998,C5) -> 0 | D6: =COUNTIF($F10:$F998,D5) -> 6 | E6: =COUNTIF($F10:$F998,E5) -> 0
A7: Round 2 | B7: =COUNTIF($F10:$F998,B5) -> 0 | C7: =COUNTIF($F10:$F998,C5) -> 0 | D7: =COUNTIF($F10:$F998,D5) -> 6 | E7: =COUNTIF($F10:$F998,E5) -> 0
A8: Round 3 | B8: =COUNTIF($F10:$F998,B5) -> 0 | C8: =COUNTIF($F10:$F998,C5) -> 0 | D8: =COUNTIF($F10:$F998,D5) -> 6 | E8: =COUNTIF($F10:$F998,E5) -> 0
A10: Test Case ID | B10: Test Case Description | C10: Test Case Procedure | D10: Expected Results | E10: Pre-conditions | F10: Round 1 | G10: Test date | H10: Tester | I10: Round 2 | J10: Test date | K10: Tester | L10: Round 3 | M10: Test date | N10: Tester | O10: Note
A11: Scenario A | B11: Đăng Nhập
A12: TC01 | B12: fvsvs | F12: Pending | I12: Pending | L12: Pending
A13: TC02 | B13: <Test case 2> | F13: Pending | I13: Pending | L13: Pending
A14: TC03 | B14: <Test case 3> | F14: Pending | I14: Pending | L14: Pending
A15: Scenario B
A16: <ID4> | B16: <Test case 4> | F16: Pending | I16: Pending | L16: Pending
A17: <ID5> | B17: <Test case 5> | F17: Pending | I17: Pending | L17: Pending
A18: Scenario C
A19: <ID6> | B19: <Test case 6> | F19: Pending | I19: Pending | L19: Pending

Sheet ok
A2: Workflow | B2: <Workflow Name2> | R2: Passed
A3: Test requirement | B3: <Brief description about requirements which are tested in this sheet> | R3: Failed
A4: Number of TCs | B4: =COUNTA(A12:A1004) -> 12 | R4: Pending
A5: Testing Round | B5: Passed | C5: Failed | D5: Pending | E5: N/A | R5: N/A
A6: Round 1 | B6: =COUNTIF($F10:$F1002,B5) -> 0 | C6: =COUNTIF($F10:$F1002,C5) -> 0 | D6: =COUNTIF($F10:$F1002,D5) -> 5 | E6: =COUNTIF($F10:$F1002,E5) -> 0
A7: Round 2 | B7: =COUNTIF($F10:$F1002,B5) -> 0 | C7: =COUNTIF($F10:$F1002,C5) -> 0 | D7: =COUNTIF($F10:$F1002,D5) -> 5 | E7: =COUNTIF($F10:$F1002,E5) -> 0
A8: Round 3 | B8: =COUNTIF($F10:$F1002,B5) -> 0 | C8: =COUNTIF($F10:$F1002,C5) -> 0 | D8: =COUNTIF($F10:$F1002,D5) -> 5 | E8: =COUNTIF($F10:$F1002,E5) -> 0
A10: Test Case ID | B10: Test Case Description | C10: Test Case Procedure | D10: Expected Results | E10: Pre-conditions | F10: Round 1 | G10: Test date | H10: Tester | I10: Round 2 | J10: Test date | K10: Tester | L10: Round 3 | M10: Test date | N10: Tester | O10: Note
A11: Scenario D
A12: TC-01 | B12: Force the codebase to input. | C12: 1. Access the Add Facility page. 2. Leave the "Facility Code" field blank. 3. Enter other valid fields. 4. Click "Create Facility". | D12: - The browser blocks the submission, displaying an error message "Please fill in this field." - The data is not being sent to the server. | E12: The admin is currently on the "Add facility" page. | F12: Pending | I12: Pending | L12: Pending
A13: TC-02 | B13: Block special characters and numbers in the Base Code. | C13: 1. Access the Add Facility page. 2. "Facility Code" enter the characters @, #, _ or the numbers 1, 9. 3. Enter other valid fields. 4. Click "Create Facility". | D13: - Automatic error reporting system - Only accepts alphabetical characters (A-Z, a-z). | E13: The admin is currently on the "Add facility" page.
A14: TC-03 | B14: Automatically convert base code to uppercase | C14: 1. Access the Add Facility page. 2. "Facility Code" enter valid character 4. Click "Create Facility". | D14: The interface automatically converts lowercase letters to uppercase after pressing "create facility". | E14: The admin is currently on the "Add facility" page.
A15: TC-04 | B15: Length limits and values ​​for the number of floors/rooms. | C15: 1. Access the Add Facility page. 2. Leave the "Facility Code" field blank. 3. Enter other valid fields. 4. Click "Create Facility". | D15: - The browser blocks the submission, displaying an error message "Please fill in this field." - The data is not being sent to the server. | E15: The admin is currently on the "Add facility" page.
A16: TC-05 | B16: Force the codebase to input. | C16: 1. Access the Add Facility page. 2. Leave the "Facility Code" field blank. 3. Enter other valid fields. 4. Click "Create Facility". | D16: - The browser blocks the submission, displaying an error message "Please fill in this field." - The data is not being sent to the server. | E16: The admin is currently on the "Add facility" page.
A17: TC-06 | B17: Force the codebase to input. | C17: 1. Access the Add Facility page. 2. Leave the "Facility Code" field blank. 3. Enter other valid fields. 4. Click "Create Facility". | D17: - The browser blocks the submission, displaying an error message "Please fill in this field." - The data is not being sent to the server. | E17: The admin is currently on the "Add facility" page.
A18: TC-07 | B18: Force the codebase to input. | C18: 1. Access the Add Facility page. 2. Leave the "Facility Code" field blank. 3. Enter other valid fields. 4. Click "Create Facility". | D18: - The browser blocks the submission, displaying an error message "Please fill in this field." - The data is not being sent to the server. | E18: The admin is currently on the "Add facility" page.
A19: TC-08 | B19: <Test case 2> | D19: - The browser blocks the submission, displaying an error message "Please fill in this field." - The data is not being sent to the server. | E19: The admin is currently on the "Add facility" page. | F19: Pending | I19: Pending | L19: Pending
A20: TC-09 | B20: <Test case 3> | F20: Pending | I20: Pending | L20: Pending
A21: Scenario E
A22: <ID4> | B22: <Test case 4> | F22: Pending | I22: Pending | L22: Pending
A23: <ID5> | B23: <Test case 5> | F23: Pending | I23: Pending | L23: Pending

Sheet Contract & Tenant Management
A2: Workflow | B2: <Workflow Name1> | R2: Passed
A3: Test requirement | B3: <Brief description about requirements which are tested in this sheet> | R3: Failed
A4: Number of TCs | B4: =COUNTA(A12:A1000) -> 8 | R4: Pending
A5: Testing Round | B5: Passed | C5: Failed | D5: Pending | E5: N/A | R5: N/A
A6: Round 1 | B6: =COUNTIF($F10:$F998,B5) -> 0 | C6: =COUNTIF($F10:$F998,C5) -> 0 | D6: =COUNTIF($F10:$F998,D5) -> 6 | E6: =COUNTIF($F10:$F998,E5) -> 0
A7: Round 2 | B7: =COUNTIF($F10:$F998,B5) -> 0 | C7: =COUNTIF($F10:$F998,C5) -> 0 | D7: =COUNTIF($F10:$F998,D5) -> 6 | E7: =COUNTIF($F10:$F998,E5) -> 0
A8: Round 3 | B8: =COUNTIF($F10:$F998,B5) -> 0 | C8: =COUNTIF($F10:$F998,C5) -> 0 | D8: =COUNTIF($F10:$F998,D5) -> 6 | E8: =COUNTIF($F10:$F998,E5) -> 0
A10: Test Case ID | B10: Test Case Description | C10: Test Case Procedure | D10: Expected Results | E10: Pre-conditions | F10: Round 1 | G10: Test date | H10: Tester | I10: Round 2 | J10: Test date | K10: Tester | L10: Round 3 | M10: Test date | N10: Tester | O10: Note
A11: Scenario A | B11: Đăng Nhập
A12: TC01 | B12: fvsvs | F12: Pending | I12: Pending | L12: Pending
A13: TC02 | B13: <Test case 2> | F13: Pending | I13: Pending | L13: Pending
A14: TC03 | B14: <Test case 3> | F14: Pending | I14: Pending | L14: Pending
A15: Scenario B
A16: <ID4> | B16: <Test case 4> | F16: Pending | I16: Pending | L16: Pending
A17: <ID5> | B17: <Test case 5> | F17: Pending | I17: Pending | L17: Pending
A18: Scenario C
A19: <ID6> | B19: <Test case 6> | F19: Pending | I19: Pending | L19: Pending
